,Date,Timestamp,EigenLayer,EigenLayer,EigenLayer,EigenLayer,EigenLayer,EigenLayer,EigenLayer,EigenLayer,EigenLayer,EigenLayer,EigenLayer,EigenLayer,EigenLayer,EigenLayer
,,,Infrastructure,Infrastructure,Infrastructure,Infrastructure,Infrastructure,Infrastructure,Infrastructure,Infrastructure,Infrastructure,Infrastructure,Infrastructure,Infrastructure,Infrastructure,Infrastructure
,,,ethereum,Total,ethereum,ethereum,ethereum,Total,Total,Total,ethereum,ethereum,ethereum,Total,Total,Total
,,,TVL,TVL,Tokens(USD),Tokens(USD),Tokens(USD),Tokens(USD),Tokens(USD),Tokens(USD),Tokens,Tokens,Tokens,Tokens,Tokens,Tokens
,,,,,STETH,CBETH,RETH,STETH,CBETH,RETH,STETH,CBETH,RETH,STETH,CBETH,RETH
,14/06/2023,1686700800,13300350.136079311,13300350.136079311,5273760,2636077.2403911487,5390512.895688162,5273760,2636077.2403911487,5390512.895688162,3200,1538.0936834929041,3038.586315649295,3200,1538.0936834929041,3038.586315649295
,15/06/2023,1686787200,16484319.97837695,16484319.97837695,5289312,5507903.9835732365,5687103.994803714,5289312,5507903.9835732365,5687103.994803714,3200,3199.9999904563256,3199.9999970761714,3200,3199.9999904563256,3199.9999970761714
,16/06/2023,1686873600,16557169.148566663,16557169.148566663,5315249.166704667,5528703.983511203,5713215.9983507935,5315249.166704667,5528703.983511203,5713215.9983507935,3200.3571507647785,3199.9999904563256,3199.9999990762713,3200.3571507647785,3199.9999904563256,3199.9999990762713
,17/06/2023,1686960000,17099837.46594798,17099837.46594798,5491165.483014953,5707903.982976757,5900767.99995627,5491165.483014953,5707903.982976757,5900767.99995627,3200.6886624164754,3199.9999904563256,3199.999999976285,3200.6886624164754,3199.9999904563256,3199.999999976285
,18/06/2023,1687046400,17177115.612009607,17177115.612009607,5518235.629101948,5731071.982907661,5927808,5518235.629101948,5731071.982907661,5927808,3201.03697399599,3199.9999904563256,3200,3201.03697399599,3199.9999904563256,3200
,19/06/2023,1687132800,17161176.443781808,17161176.443781808,5513240.460848859,5722591.982932951,5925344,5513240.460848859,5722591.982932951,5925344,3201.370647649077,3199.9999904563256,3200,3201.370647649077,3199.9999904563256,3200
,20/06/2023,1687219200,17335749.179353837,17335749.179353837,5563077.196612235,5786751.982741601,5985920,5563077.196612235,5786751.982741601,5985920,3201.6789137649193,3199.9999904563256,3200,3201.6789137649193,3199.9999904563256,3200
,21/06/2023,1687305600,17929755.411205996,17929755.411205996,5755899.429053525,5984287.982152469,6189568,5755899.429053525,5984287.982152469,6189568,3202.026852242195,3199.9999904563256,3200,3202.026852242195,3199.9999904563256,3200
,22/06/2023,1687392000,19083949.912620865,19083949.912620865,6126424.057929606,6367167.981010569,6590357.873680691,6126424.057929606,6367167.981010569,6590357.873680691,3202.371063530522,3199.9999904563256,3199.870785494395,3202.371063530522,3199.9999904563256,3199.870785494395
,23/06/2023,1687478400,18695588.077678952,18695588.077678952,6001988.096364765,6238495.981394321,6455103.999919867,6001988.096364765,6238495.981394321,6455103.999919867,3202.7342805118224,3199.9999904563256,3199.9999999602755,3202.7342805118224,3199.9999904563256,3199.9999999602755
,24/06/2023,1687564800,18769390.00136872,18769390.00136872,6027918.020127644,6262911.9813215025,6478559.999919576,6027918.020127644,6262911.9813215025,6478559.999919576,3203.0851741728584,3199.9999904563256,3199.9999999602755,3203.0851741728584,3199.9999904563256,3199.9999999602755
,25/06/2023,1687651200,18682076.510099787,18682076.510099787,5997468.528780356,6236767.981399474,6447839.9999199575,5997468.528780356,6236767.981399474,6447839.9999199575,3203.4165658661987,3199.9999904563256,3199.9999999602755,3203.4165658661987,3199.9999904563256,3199.9999999602755
,26/06/2023,1687737600,18888744.005165495,18888744.005165495,6061928.022707833,6306591.982518226,6520223.999939434,6061928.022707833,6306591.982518226,6520223.999939434,3202.726218449355,3199.9999911296504,3199.9999999702754,3202.726218449355,3199.9999911296504,3199.9999999702754
,27/06/2023,1687824000,18566137.41112882,18566137.41112882,5961337.426378571,6195071.984763318,6409727.999986931,5961337.426378571,6195071.984763318,6409727.999986931,3203.0397476713706,3199.9999921296503,3199.9999999934753,3203.0397476713706,3199.9999921296503,3199.9999999934753
,28/06/2023,1687910400,18657881.21040028,18657881.21040028,5989433.304589905,6229791.90581948,6438655.999990895,5989433.304589905,6229791.90581948,6438655.999990895,3203.3680288543824,3199.9999516231583,3199.9999999954753,3203.3680288543824,3199.9999516231583,3199.9999999954753
,29/06/2023,1687996800,18257499.14414934,18257499.14414934,5859963.2361203255,6095647.908037927,6301887.999991089,5859963.2361203255,6095647.908037927,6301887.999991089,3203.72379797843,3199.999951723158,3199.9999999954753,3203.72379797843,3199.999951723158,3199.9999999954753
,30/06/2023,1688083200,18453136.290231355,18453136.290231355,5923376.383179556,6160415.907060804,6369343.999990994,5923376.383179556,6160415.907060804,6369343.999990994,3204.076585265081,3199.999951723158,3199.9999999954753,3204.076585265081,3199.999951723158,3199.9999999954753
,01/07/2023,1688169600,19332958.98216232,19332958.98216232,6208639.079533585,6453567.902638162,6670751.999990571,6208639.079533585,6453567.902638162,6670751.999990571,3204.4588797592696,3199.999951723158,3199.9999999954766,3204.4588797592696,3199.999951723158,3199.9999999954766
,02/07/2023,1688256000,19164797.395417973,19164797.395417973,6156861.45191362,6392607.943511636,6615327.999992716,6156861.45191362,6392607.943511636,6615327.999992716,3204.845871352302,3199.999971723158,3199.9999999964766,3204.845871352302,3199.999971723158,3199.9999999964766
,03/07/2023,1688342400,19321233.654583246,19321233.654583246,6205553.717643337,6448895.9430142455,6666783.993925663,6205553.717643337,6448895.9430142455,6666783.993925663,3205.1658829525895,3199.999971723158,3199.9999970843696,3205.1658829525895,3199.999971723158,3199.9999970843696
,04/07/2023,1688428800,19504158.40133153,19504158.40133153,6262014.462886137,6509855.942475572,6732287.995969821,6262014.462886137,6509855.942475572,6732287.995969821,3205.503124045895,3199.999971723158,3199.9999980843695,3205.503124045895,3199.999971723158,3199.9999980843695
,05/07/2023,1688515200,19332540.987314425,19332540.987314425,6209693.048303872,6449919.943005197,6672927.996005354,6209693.048303872,6449919.943005197,6672927.996005354,3205.846725230317,3199.999971723158,3199.9999980843695,3205.846725230317,3199.999971723158,3199.9999980843695
,06/07/2023,1688601600,18997957.28855598,18997957.28855598,6099013.328703855,6342047.96377731,6556895.996074816,6099013.328703855,6342047.96377731,6556895.996074816,3206.176477946798,3199.9999817231583,3199.9999980843695,3206.176477946798,3199.9999817231583,3199.9999980843695
,07/07/2023,1688688000,18380332.911895063,18380332.911895063,5913196.946891932,6125471.965014287,6341663.999988842,5913196.946891932,6125471.965014287,6341663.999988842,3206.5315772334257,3199.9999817231583,3199.99999999437,3206.5315772334257,3199.9999817231583,3199.99999999437
,08/07/2023,1688774400,18662952.69202132,18662952.69202132,5991530.851531333,6227869.842929793,6443551.997560197,5991530.851531333,6227869.842929793,6443551.997560197,3206.8911014281916,3199.998891655984,3199.999998788344,3206.8911014281916,3199.998891655984,3199.999998788344
,09/07/2023,1688860800,18633873.835114546,18633873.835114546,5983858.997587197,6219582.837952673,6430431.999574674,5983858.997587197,6219582.837952673,6430431.999574674,3207.2480999861705,3199.9994021221605,3199.9999997883438,3207.2480999861705,3199.9994021221605,3199.9999997883438
,10/07/2023,1688947200,18574453.816321123,18574453.816321123,5966710.099957249,6199295.999921446,6408447.716442429,5966710.099957249,6199295.999921446,6408447.716442429,3207.580999767362,3199.9999999594515,3199.999858408116,3207.580999767362,3199.9999999594515,3199.999858408116
,11/07/2023,1689033600,18739752.514034018,18739752.514034018,6019016.514094636,6257727.999940261,6463007.99999912,6019016.514094636,6257727.999940261,6463007.99999912,3207.9179843813013,3199.9999999694514,3199.9999999995644,3207.9179843813013,3199.9999999694514,3199.9999999995644
,12/07/2023,1689120000,18774366.130105928,18774366.130105928,6028990.279119984,6263007.947484563,6482367.903501381,6028990.279119984,6263007.947484563,6482367.903501381,3208.2749463175733,3199.9999731679413,3199.999952363769,3208.2749463175733,3199.9999731679413,3199.999952363769
,13/07/2023,1689206400,81727495.46645354,81727495.46645354,28059900,23417995.466453537,30249600,28059900,23417995.466453537,30249600,15000,11965.905729233411,15000,15000,11965.905729233411,15000
,14/07/2023,1689292800,94308514.48705767,94308514.48705767,30219514.490541108,31530449.996516556,32558550.000000004,30219514.490541108,31530449.996516556,32558550.000000004,15001.59573998526,14999.999998342817,15000,15001.59573998526,14999.999998342817,15000
,15/07/2023,1689379200,90370779.52721167,90370779.52721167,28959129.530549046,30208349.996662617,31203299.999999996,28959129.530549046,30208349.996662617,31203299.999999996,15003.331052310688,14999.999998342817,15000,15003.331052310688,14999.999998342817,15000
,16/07/2023,1689465600,90505184.04803988,90505184.04803988,29002786.46528493,30271047.58275496,31231350.000000004,29002786.46528493,30271047.58275496,31231350.000000004,15004.882049824319,14999.998802199607,15000,15004.882049824319,14999.998802199607,15000
,17/07/2023,1689552000,89939140.96142128,89939140.96142128,28815642.279601116,30070798.68182016,31052699.999999996,28815642.279601116,30070798.68182016,31052699.999999996,15006.427534137294,14999.999342461871,15000,15006.427534137294,14999.999342461871,15000
,18/07/2023,1689638400,89502627.34018807,89502627.34018807,28681377.35330267,29917499.986885402,30903750,28681377.35330267,29917499.986885402,30903750,15008.098831696896,14999.999993424619,15000,15008.098831696896,14999.999993424619,15000
,19/07/2023,1689724800,89328221.33156364,89328221.33156364,28667771.344631802,29811599.986931827,30848850.000000004,28667771.344631802,29811599.986931827,30848850.000000004,15009.697292930077,14999.999993424619,15000,15009.697292930077,14999.999993424619,15000
,20/07/2023,1689811200,88549489.31264475,88549489.31264475,28384789.410252415,29593199.99080114,30571499.911591187,28384789.410252415,29593199.99080114,30571499.911591187,15011.338264125578,14999.999995337344,14999.999956621947,15011.338264125578,14999.999995337344,14999.999956621947
,21/07/2023,1689897600,88528355.23138198,88528355.23138198,28372957.14101804,29587499.954661027,30567898.135702908,28372957.14101804,29587499.954661027,30567898.135702908,15012.543792702474,14999.999977014462,14999.999085169202,15012.543792702474,14999.999977014462,14999.999085169202
,22/07/2023,1689984000,88761002.38622902,88761002.38622902,28452912.335127555,29654090.615152366,30653999.435949102,28452912.335127555,29654090.615152366,30653999.435949102,15014.254079093831,14999.995252841445,14999.999723991536,15014.254079093831,14999.995252841445,14999.999723991536
,23/07/2023,1690070400,87166102.97953229,87166102.97953229,27945378.41469183,29118555.050637007,30102169.51420345,27945378.41469183,29118555.050637007,30102169.51420345,15015.920267962618,14999.976845025349,15000.009723991536,15015.920267962618,14999.976845025349,15000.009723991536
,24/07/2023,1690156800,88434755.37936151,88434755.37936151,28351655.380721495,29540549.999839853,30542549.998800166,28351655.380721495,29540549.999839853,30542549.998800166,15017.482496899478,14999.999999918682,14999.999999410738,15017.482496899478,14999.999999918682,14999.999999410738
,25/07/2023,1690243200,86653035.78580481,86653035.78580481,27776274.925246384,28963611.0021417,29913149.85841673,27776274.925246384,28963611.0021417,29913149.85841673,15018.667671603116,14999.979803378561,14999.999929002828,15018.667671603116,14999.979803378561,14999.999929002828
,26/07/2023,1690329600,86933590.08460909,86933590.08460909,27877410.763502505,29042832.2170619,30013347.104044687,27877410.763502505,29042832.2170619,30013347.104044687,15020.237589374137,14999.99081549946,14999.998552666406,15020.237589374137,14999.99081549946,14999.998552666406
,27/07/2023,1690416000,87461968.3452437,87461968.3452437,28023748.71083336,29241273.92946176,30196945.70494859,28023748.71083336,29241273.92946176,30196945.70494859,14999.999309960316,14999.986626515454,14999.997866480848,14999.999309960316,14999.986626515454,14999.997866480848
,28/07/2023,1690502400,87186405.91434489,87186405.91434489,27928017.029929623,29138848.164935123,30119540.71948014,27928017.029929623,29138848.164935123,30119540.71948014,15001.674328249854,14999.999055351425,14999.995378158108,15001.674328249854,14999.999055351425,14999.995378158108
,29/07/2023,1690588800,87807672.16995335,87807672.16995335,28140980.469810873,29336699.067108322,30329992.633034155,28140980.469810873,29336699.067108322,30329992.633034155,15003.321765687027,14999.999523007866,14999.996356594538,15003.321765687027,14999.999523007866,14999.996356594538
,30/07/2023,1690675200,87987818.10815263,87987818.10815263,28187784.768808734,29403894.927244097,30396138.4120998,28187784.768808734,29403894.927244097,30396138.4120998,15005.075600228227,14999.997412202512,14999.994281561876,15005.075600228227,14999.997412202512,14999.994281561876
,31/07/2023,1690761600,87662292.45964399,87662292.45964399,28039856.890852526,29309694.943495464,30312740.625296,28039856.890852526,29309694.943495464,30312740.625296,15006.532954521263,14999.997412202512,14999.995361009476,15006.532954521263,14999.997412202512,14999.995361009476
,01/08/2023,1690848000,87179548.57008615,87179548.57008615,27916054.2366191,29136895.118827313,30126599.214639746,27916054.2366191,29136895.118827313,30126599.214639746,15008.87338861331,14999.997487118042,14999.99960897002,15008.87338861331,14999.997487118042,14999.99960897002
,02/08/2023,1690934400,87446438.89064237,87446438.89064237,27990344.999620818,29239495.1016392,30216598.78938235,27990344.999620818,29239495.1016392,30216598.78938235,15010.48146618303,14999.997487118042,14999.999399030177,15010.48146618303,14999.997487118042,14999.999399030177
,03/08/2023,1691020800,86202446.85434572,86202446.85434572,27597747.80718818,28807049.083162446,29797649.963995103,27597747.80718818,28807049.083162446,29797649.963995103,15012.156382421386,14999.999522597305,14999.9999818753,15012.156382421386,14999.999522597305,14999.9999818753
,04/08/2023,1691107200,86020839.06840748,86020839.06840748,27554146.438339897,28742094.310225274,29724598.319842294,27554146.438339897,28742094.310225274,29724598.319842294,15013.8381355891,14999.997030605944,14999.99915213777,15013.8381355891,14999.997030605944,14999.99915213777
,05/08/2023,1691193600,85727394.19860384,85727394.19860384,27466651.81755326,28642492.94419582,29618249.43685476,27466651.81755326,28642492.94419582,29618249.43685476,15015.417316331605,14999.99630489438,14999.999714798189,15015.417316331605,14999.99630489438,14999.999714798189
,06/08/2023,1691280000,85967670.26258525,85967670.26258525,27526778.397617232,28719749.941177532,29721141.92379048,27526778.397617232,28719749.941177532,29721141.92379048,15017.009120159535,14999.999969277691,14999.995924008903,15017.009120159535,14999.999969277691,14999.995924008903
,07/08/2023,1691366400,85621076.32420164,85621076.32420164,27427695.55010397,28601699.076048087,29591681.698049597,27427695.55010397,28601699.076048087,29591681.698049597,15014.559023234817,14999.999515438638,14999.990722761584,15014.559023234817,14999.999515438638,14999.990722761584
,08/08/2023,1691452800,85816651.5563804,85816651.5563804,27446895.697900847,28691368.149609867,29678387.70886969,27446895.697900847,28691368.149609867,29678387.70886969,15016.109647998363,14999.983348464975,14999.993787840494,15016.109647998363,14999.983348464975,14999.993787840494
,09/08/2023,1691539200,87144526.35653009,87144526.35653009,27861980.485295653,29049747.014040314,30232798.85719412,27861980.485295653,29049747.014040314,30232798.85719412,15017.749699664013,14999.998458183107,14999.999432997003,15017.749699664013,14999.998458183107,14999.999432997003
,10/08/2023,1691625600,87120542.2047585,87120542.2047585,27838160.41662211,29077047.67274162,30205334.115394756,27838160.41662211,29077047.67274162,30205334.115394756,15018.348205189934,14999.998799435441,14999.99211169284,15018.348205189934,14999.998799435441,14999.99211169284
,11/08/2023,1691712000,86973088.83741815,86973088.83741815,27753738.69014402,29046251.462869197,30173098.684404932,27753738.69014402,29046251.462869197,30173098.684404932,14999.993887390365,14999.974934605714,14999.999345976184,14999.993887390365,14999.974934605714,14999.999345976184
,12/08/2023,1691798400,86985817.17515796,86985817.17515796,27749473.1420378,29062346.1045797,30173997.92854047,27749473.1420378,29062346.1045797,30173997.92854047,15001.580273243593,14999.997989450112,14999.998970242827,15001.580273243593,14999.997989450112,14999.998970242827
,13/08/2023,1691884800,86891632.153489,86891632.153489,27718436.1683194,29071046.103413578,30102149.881756015,27718436.1683194,29071046.103413578,30102149.881756015,15000.046630654097,14999.997989450112,14999.999941078635,15000.046630654097,14999.997989450112,14999.999941078635
,14/08/2023,1691971200,86453507.06284624,86453507.06284624,27577457.977350242,28899599.99868019,29976449.086815804,27577457.977350242,28899599.99868019,29976449.086815804,15001.527477601843,14999.999999314967,14999.999543049194,15001.527477601843,14999.999999314967,14999.999543049194
,15/08/2023,1692057600,86685648.27483872,86685648.27483872,27657355.44643249,28954043.0025556,30074249.825850632,27657355.44643249,28954043.0025556,30074249.825850632,15003.040736896844,14999.99637488828,14999.999913140293,15003.040736896844,14999.99637488828,14999.999913140293
,16/08/2023,1692144000,85938338.3948011,85938338.3948011,27423641.434270106,28714649.690652024,29800047.269878972,27423641.434270106,28714649.690652024,29800047.269878972,15001.66376789901,14999.999838402362,14999.998625780312,15001.66376789901,14999.999838402362,14999.998625780312
,17/08/2023,1692230400,84038826.32020934,84038826.32020934,26806745.349090993,28122484.50677866,29109596.46433969,26806745.349090993,28122484.50677866,29109596.46433969,15002.655780776244,14999.938398358614,14999.998178095724,15002.655780776244,14999.938398358614,14999.998178095724
,18/08/2023,1692316800,79363634.60276163,79363634.60276163,25308895.66956926,26554791.51603669,27499947.417155664,25308895.66956926,26554791.51603669,27499947.417155664,15002.309229145976,14999.995207666801,14999.998591173257,15002.309229145976,14999.995207666801,14999.998591173257
,19/08/2023,1692403200,78469202.77507687,78469202.77507687,25028110.8404565,26179194.495106623,27261897.439513747,25028110.8404565,26179194.495106623,27261897.439513747,15004.502793971667,14999.99684583942,14999.998591173257,15004.502793971667,14999.99684583942,14999.998591173257
,20/08/2023,1692489600,78690842.27604139,78690842.27604139,25098544.750045955,26276547.556817953,27315749.969177485,25098544.750045955,26276547.556817953,27315749.969177485,15005.527107200653,14999.998605306606,14999.999983074316,15005.527107200653,14999.998605306606,14999.999983074316
,21/08/2023,1692576000,79120605.59789218,79120605.59789218,25219472.111091826,26414400,27486733.48680036,25219472.111091826,26414400,27486733.48680036,14999.983412295145,15000,14999.990988458272,14999.983412295145,15000,14999.990988458272
,22/08/2023,1692662400,78459103.7224162,78459103.7224162,25013179.0116773,26169635.522647303,27276289.188091613,25013179.0116773,26169635.522647303,27276289.188091613,15001.576741621417,14991.856920953549,14999.994054229282,15001.576741621417,14991.856920953549,14999.994054229282
,23/08/2023,1692748800,235555035.69221845,235555035.69221845,163084993.27878252,36953533.59876986,35516508.814666055,163084993.27878252,36953533.59876986,35516508.814666055,99999.99587870284,21603.431430290937,19917.288478390565,99999.99587870284,21603.431430290937,19917.288478390565
,24/08/2023,1692835200,242266369.5482938,242266369.5482938,168182763.46352413,37704678.678989284,36378927.40578037,168182763.46352413,37704678.678989284,36378927.40578037,100008.7789969103,21402.440074353908,19917.288478390565,100008.7789969103,21402.440074353908,19917.288478390565
,25/08/2023,1692921600,238802490.02448225,238802490.02448225,165782178.46911377,37166233.334185176,35854078.22118331,165782178.46911377,37166233.334185176,35854078.22118331,100013.98323416151,21402.33988896673,19914.94935523079,100013.98323416151,21402.33988896673,19914.94935523079
,26/08/2023,1693008000,237951703.7575992,237951703.7575992,165261899.7575575,37021865.61385466,35667938.38618705,165261899.7575575,37021865.61385466,35667938.38618705,100024.75457572434,21399.55122966345,19886.449662790088,100024.75457572434,21399.55122966345,19886.449662790088
,27/08/2023,1693094400,236901223.25402683,236901223.25402683,164518758.8988463,36876730.90586402,35505733.449316494,164518758.8988463,36876730.90586402,35505733.449316494,100035.12011896214,21387.858012089167,19884.594699408317,100035.12011896214,21387.858012089167,19884.594699408317
,28/08/2023,1693180800,238307988.8143119,238307988.8143119,165603990.21193063,37017168.971079856,35686829.63130141,165603990.21193063,37017168.971079856,35686829.63130141,100041.67711476766,21373.36322546515,19884.343870520977,100041.67711476766,21373.36322546515,19884.343870520977
,29/08/2023,1693267200,237750733.97402772,237750733.97402772,165197398.54474553,36951691.519678995,35601643.909603216,165197398.54474553,36951691.519678995,35601643.909603216,100050.50967497942,21371.46563930955,19880.190477830267,100050.50967497942,21371.46563930955,19880.190477830267
,30/08/2023,1693353600,248630976.4149587,248630976.4149587,172876986.7573149,38550908.095389724,37203081.56225407,172876986.7573149,38550908.095389724,37203081.56225407,100046.86842132623,21311.913988904646,19849.583333202118,100046.86842132623,21311.913988904646,19849.583333202118
,31/08/2023,1693440000,245234866.95102507,245234866.95102507,170492747.9420362,38043308.06659934,36698810.94238952,170492747.9420362,38043308.06659934,36698810.94238952,100056.77829411266,21309.673698284474,19847.709025532182,100056.77829411266,21309.673698284474,19847.709025532182
,01/09/2023,1693526400,237537578.1753818,237537578.1753818,165125672.39868942,36905634.64970302,35506271.126989365,165125672.39868942,36905634.64970302,35506271.126989365,99972.55716723239,21304.16704171459,19846.105890731196,99972.55716723239,21304.16704171459,19846.105890731196
,02/09/2023,1693612800,234422874.66437232,234422874.66437232,162955575.84862664,36402765.34268515,35064533.47306056,162955575.84862664,36402765.34268515,35064533.47306056,99973.9725939132,21268.51525647948,19843.318868556744,99973.9725939132,21268.51525647948,19843.318868556744
,03/09/2023,1693699200,234816957.19222605,234816957.19222605,163288342.8243459,36432347.21834139,35096267.14953878,163288342.8243459,36432347.21834139,35096267.14953878,99978.77997853694,21267.160446880116,19814.40629472902,99978.77997853694,21267.160446880116,19814.40629472902
,04/09/2023,1693785600,235033031.23458162,235033031.23458162,163446142.35757646,36482620.788303845,35104268.088701315,163446142.35757646,36482620.788303845,35104268.088701315,99981.73576401212,21260.020738863095,19810.087858457664,99981.73576401212,21260.020738863095,19810.087858457664
,05/09/2023,1693872000,233659097.25707573,233659097.25707573,162478406.25342688,36272146.582989104,34908544.42065976,162478406.25342688,36272146.582989104,34908544.42065976,99951.03670900656,21260.020738863095,19810.087858457664,99951.03670900656,21260.020738863095,19810.087858457664
,06/09/2023,1693958400,234273968.51513174,234273968.51513174,162902209.01752248,36344590.879361644,35027168.618247606,162902209.01752248,36344590.879361644,35027168.618247606,99928.35744147767,21249.051911156766,19804.577878057495,99928.35744147767,21249.051911156766,19804.577878057495
,07/09/2023,1694044800,234192436.44545156,234192436.44545156,162860886.61426586,36374252.49991943,34957297.33126628,162860886.61426586,36374252.49991943,34957297.33126628,99926.30221575881,21247.88393008904,19773.00986536021,99926.30221575881,21247.88393008904,19773.00986536021
,08/09/2023,1694131200,236463202.54809713,236463202.54809713,164561993.74800253,36674792.348080195,35226416.45201442,164561993.74800253,36674792.348080195,35226416.45201442,99898.6175767488,21240.555268081473,19738.446792114137,99898.6175767488,21240.555268081473,19738.446792114137
,09/09/2023,1694217600,234566529.738495,234566529.738495,163198008.86416042,36419347.049255505,34949173.825079046,163198008.86416042,36419347.049255505,34949173.825079046,99879.43870018079,21239.981716057704,19728.79954900933,99879.43870018079,21239.981716057704,19728.79954900933
,10/09/2023,1694304000,233922810.96486887,233922810.96486887,162700060.5991435,36328899.4793061,34893850.88641927,162700060.5991435,36328899.4793061,34893850.88641927,99627.73446441296,21225.234711178557,19721.839646424727,99627.73446441296,21225.234711178557,19721.839646424727
,11/09/2023,1694390400,230731328.17570323,230731328.17570323,160587780.32971638,35647376.76005587,34496171.08593099,160587780.32971638,35647376.76005587,34496171.08593099,99491.21816609755,21024.698767358226,19714.01283892206,99491.21816609755,21024.698767358226,19714.01283892206
,12/09/2023,1694476800,220919023.14067835,220919023.14067835,153587765.6276331,34187455.71358248,33143801.799462777,153587765.6276331,34187455.71358248,33143801.799462777,99150.93034197729,21023.943936230095,19711.440601541988,99150.93034197729,21023.943936230095,19711.440601541988
,13/09/2023,1694563200,226227088.7836376,226227088.7836376,156943590.5591194,35188283.80779374,34095214.416724466,156943590.5591194,35188283.80779374,34095214.416724466,98317.71830877812,21021.861536775854,19702.977483862363,98317.71830877812,21021.861536775854,19702.977483862363
,14/09/2023,1694649600,227389542.11920115,227389542.11920115,158071478.826571,34967093.082213156,34350970.21041701,158071478.826571,34967093.082213156,34350970.21041701,98268.93546188578,20736.96972056621,19698.803315967343,98268.93546188578,20736.96972056621,19698.803315967343
,15/09/2023,1694736000,230041036.25787938,230041036.25787938,159934299.36082974,35352506.25673951,34754230.64031012,159934299.36082974,35352506.25673951,34754230.64031012,98248.1904837208,20734.48616532426,19696.69682131752,98248.1904837208,20734.48616532426,19696.69682131752
,16/09/2023,1694822400,231158676.2391865,231158676.2391865,160466655.47152737,35653055.61853389,35038965.14912525,160466655.47152737,35653055.61853389,35038965.14912525,97762.66181195654,20728.88225872189,19677.62623150268,97762.66181195654,20728.88225872189,19677.62623150268
,17/09/2023,1694908800,229124772.62532282,229124772.62532282,159049790.31020486,35316252.10270655,34758730.21241141,159049790.31020486,35316252.10270655,34758730.21241141,97736.65471060257,20695.865136017997,19663.47427838263,97736.65471060257,20695.865136017997,19663.47427838263
,18/09/2023,1694995200,226905416.51294342,226905416.51294342,158079387.9821996,34297861.839936584,34528166.690807216,158079387.9821996,34297861.839936584,34528166.690807216,97634.11029720191,20232.816866807018,19635.01091316873,97634.11029720191,20232.816866807018,19635.01091316873
,19/09/2023,1695081600,229459917.76091707,229459917.76091707,159816010.32560626,34725411.082350194,34918496.352960624,159816010.32560626,34725411.082350194,34918496.352960624,97598.15957691727,20226.470344967292,19631.691115299334,97598.15957691727,20226.470344967292,19631.691115299334
,20/09/2023,1695168000,229008549.72592026,229008549.72592026,159793716.62475485,34306663.05503563,34908170.04612979,159793716.62475485,34306663.05503563,34908170.04612979,97489.8825101611,19960.472590247235,19614.527111793377,97489.8825101611,19960.472590247235,19614.527111793377
,21/09/2023,1695254400,226378166.81644785,226378166.81644785,157985355.71495515,33935999.33330523,34456811.76818748,157985355.71495515,33935999.33330523,34456811.76818748,97458.05566416738,19958.126122294827,19570.283907937024,97458.05566416738,19958.126122294827,19570.283907937024
,22/09/2023,1695340800,221244832.04191455,221244832.04191455,154401894.47102532,33165794.042930305,33677143.52795894,154401894.47102532,33165794.042930305,33677143.52795894,97456.25534678936,19955.831694463348,19561.65145473599,97456.25534678936,19955.831694463348,19561.65145473599
,23/09/2023,1695427200,222845987.29425934,222845987.29425934,155547885.5759855,33387039.43973463,33911062.27853922,155547885.5759855,33387039.43973463,33911062.27853922,97441.54403627437,19950.546127992777,19561.29066933122,97441.54403627437,19950.546127992777,19561.29066933122
,24/09/2023,1695513600,222372697.91165638,222372697.91165638,155281722.02833483,33214323.58067181,33876652.302649744,155281722.02833483,33214323.58067181,33876652.302649744,97425.55574761415,19903.237423925006,19559.042218132436,97425.55574761415,19903.237423925006,19559.042218132436
,25/09/2023,1695600000,219626267.5259631,219626267.5259631,153325551.40666875,32873509.76519738,33427206.35409698,153325551.40666875,32873509.76519738,33427206.35409698,97419.4510389478,19901.50790054388,19552.64761002397,97419.4510389478,19901.50790054388,19552.64761002397
,26/09/2023,1695686400,220809554.4538057,220809554.4538057,154116841.55546132,33102801.345331326,33589911.553013064,154116841.55546132,33102801.345331326,33589911.553013064,97208.84154070297,19893.749531443482,19501.127197736412,97208.84154070297,19893.749531443482,19501.127197736412
,27/09/2023,1695772800,221555429.00843132,221555429.00843132,154625037.6737985,33237885.436125882,33692505.89850693,154625037.6737985,33237885.436125882,33692505.89850693,97048.25120116897,19888.1581556963,19500.573512971594,97048.25120116897,19888.1581556963,19500.573512971594
,28/09/2023,1695859200,222169058.4203436,222169058.4203436,155069304.2688684,33296570.782128196,33803183.369347036,155069304.2688684,33296570.782128196,33803183.369347036,97048.72439144374,19886.266779423775,19488.04501968628,97048.72439144374,19886.266779423775,19488.04501968628
,29/09/2023,1695945600,230025345.83037382,230025345.83037382,160405441.38748994,34552391.84199394,35067512.60088992,160405441.38748994,34552391.84199394,35067512.60088992,96814.66498523684,19881.806007281208,19487.581190616133,96814.66498523684,19881.806007281208,19487.581190616133
,30/09/2023,1696032000,231465894.5459579,231465894.5459579,161409761.29704088,34751651.6607492,35304481.58816781,161409761.29704088,34751651.6607492,35304481.58816781,96737.70402512445,19870.57674009331,19487.581190616133,96737.70402512445,19870.57674009331,19487.581190616133
,01/10/2023,1696118400,231914580.00103152,231914580.00103152,161640290.31396285,34858119.175055675,35416170.51201299,161640290.31396285,34858119.175055675,35416170.51201299,96666.72067767223,19870.55463560457,19469.168931725748,96666.72067767223,19870.55463560457,19469.168931725748
,02/10/2023,1696204800,239647085.44916773,239647085.44916773,167297670.39146224,36001264.45587527,36348150.6018302,167297670.39146224,36001264.45587527,36348150.6018302,96611.71159960859,19845.029246067115,19344.412241527516,96611.71159960859,19845.029246067115,19344.412241527516
,03/10/2023,1696291200,230461574.3774438,230461574.3774438,160960416.25328317,34622690.44867562,34878467.67548502,160960416.25328317,34622690.44867562,34878467.67548502,96596.34179106244,19842.10672680861,19317.471601562425,96596.34179106244,19842.10672680861,19317.471601562425
,04/10/2023,1696377600,227259709.03614375,227259709.03614375,158836607.07009593,34125713.27646405,34297388.68958377,158836607.07009593,34125713.27646405,34297388.68958377,96509.10006567907,19716.61434615241,19152.099737871984,96509.10006567907,19716.61434615241,19152.099737871984
,05/10/2023,1696464000,227075949.12523308,227075949.12523308,158737435.33069628,34080949.074621,34257564.719915815,158737435.33069628,34080949.074621,34257564.719915815,96498.09440278684,19716.039705552503,19151.999597430462,96498.09440278684,19716.039705552503,19151.999597430462
,06/10/2023,1696550400,222894139.78614992,222894139.78614992,155893951.94725776,33376446.24012893,33623741.59876322,155893951.94725776,33376446.24012893,33623741.59876322,96457.09191143284,19711.236979411984,19146.28112562322,96457.09191143284,19711.236979411984,19146.28112562322
,07/10/2023,1696636800,226928374.14532354,226928374.14532354,158656005.6718064,34020649.03009648,34251719.44342067,158656005.6718064,34020649.03009648,34251719.44342067,96398.19525093958,19706.806903678582,19136.21476371211,96398.19525093958,19706.806903678582,19136.21476371211
,08/10/2023,1696723200,225343871.08827704,225343871.08827704,157618423.07704026,33763886.03957555,33961561.97166123,157618423.07704026,33763886.03957555,33961561.97166123,96399.75724108759,19706.701631671578,19126.270363901236,96399.75724108759,19706.701631671578,19126.270363901236
,09/10/2023,1696809600,224250559.78882536,224250559.78882536,157011316.0326706,33632634.47006522,33606609.28608957,157011316.0326706,33632634.47006522,33606609.28608957,96380.35948674749,19702.88898591393,18999.880870481105,96380.35948674749,19702.88898591393,18999.880870481105
,10/10/2023,1696896000,217583469.90406957,217583469.90406957,152160566.8838765,32755463.743811537,32667439.27638152,152160566.8838765,32755463.743811537,32667439.27638152,96338.30147639448,19700.4016069307,18995.016412690806,96338.30147639448,19700.4016069307,18995.016412690806
,11/10/2023,1696982400,215831736.6575744,215831736.6575744,151132151.73380238,32392500.334291972,32307084.589480054,151132151.73380238,32392500.334291972,32307084.589480054,96344.13339568066,19699.752683065828,18984.178182666517,96344.13339568066,19699.752683065828,18984.178182666517
,12/10/2023,1697068800,215196156.05818188,215196156.05818188,150548447.9762574,32374762.570163045,32272945.511761434,150548447.9762574,32374762.570163045,32272945.511761434,96304.1643592604,19695.792868801054,18980.51279274574,96304.1643592604,19695.792868801054,18980.51279274574
,13/10/2023,1697155200,212149745.79462028,212149745.79462028,148546213.2346963,31786050.185815442,31817482.374108527,148546213.2346963,31786050.185815442,31817482.374108527,96261.68112931102,19691.153172605787,18956.69308467349,96261.68112931102,19691.153172605787,18956.69308467349
,14/10/2023,1697241600,213130778.6091742,213130778.6091742,149149760.43625447,32068577.998257965,31912440.174661767,149149760.43625447,32068577.998257965,31912440.174661767,96123.9465573551,19690.40303459203,18953.75671120851,96123.9465573551,19690.40303459203,18953.75671120851
,15/10/2023,1697328000,213253877.2107495,213253877.2107495,149072009.16850293,32141432.489485953,32040435.552760646,149072009.16850293,32141432.489485953,32040435.552760646,95990.32135976595,19690.40303459203,18945.609309925996,95990.32135976595,19690.40303459203,18945.609309925996
,16/10/2023,1697414400,209183984.62216628,209183984.62216628,144904429.88878396,32174291.088795587,32105263.64458674,144904429.88878396,32174291.088795587,32105263.64458674,92969.69748160808,19685.44871501547,18934.79104052722,92969.69748160808,19685.44871501547,18934.79104052722
,17/10/2023,1697500800,214641151.726655,214641151.726655,148716772.85305232,32931508.054474037,32992870.819128666,148716772.85305232,32931508.054474037,32992870.819128666,92908.49692196587,19682.69344367053,18931.17365308798,92908.49692196587,19682.69344367053,18931.17365308798
,18/10/2023,1697587200,209630724.12613425,209630724.12613425,145244925.54021028,32249473.439574495,32136325.14634946,145244925.54021028,32249473.439574495,32136325.14634946,92803.51518146694,19679.792910017328,18925.98654084185,92803.51518146694,19679.792910017328,18925.98654084185
,19/10/2023,1697673600,209376615.8934312,209376615.8934312,144943814.42515317,32331449.040521033,32101352.427756984,144943814.42515317,32331449.040521033,32101352.427756984,92800.2704576847,19677.582705756962,18925.564015680426,92800.2704576847,19677.582705756962,18925.564015680426
,20/10/2023,1697760000,209976236.08197474,209976236.08197474,145361433.30105057,32402086.95401451,32212715.826909672,145361433.30105057,32402086.95401451,32212715.826909672,92771.26091407803,19677.340908630453,18922.054186707905,92771.26091407803,19677.340908630453,18922.054186707905
,21/10/2023,1697846400,215060962.33858418,215060962.33858418,148814984.21924597,33237782.711973492,33008195.407364715,148814984.21924597,33237782.711973492,33008195.407364715,92775.68637696675,19676.175506129082,18919.882959346516,92775.68637696675,19676.175506129082,18919.882959346516
,22/10/2023,1697932800,218564741.77984485,218564741.77984485,151315356.80389524,33710054.31659233,33539330.659357287,151315356.80389524,33710054.31659233,33539330.659357287,92771.74630078491,19674.707924495193,18919.700042509412,92771.74630078491,19674.707924495193,18919.700042509412
,23/10/2023,1698019200,222596449.76411015,222596449.76411015,154141217.1651432,34338988.46796759,34116244.13099936,154141217.1651432,34338988.46796759,34116244.13099936,92779.58381645461,19665.09284096667,18900.33801147849,92779.58381645461,19665.09284096667,18900.33801147849
,24/10/2023,1698105600,238609083.15922973,238609083.15922973,165245193.94526488,36684105.43037223,36679783.783592604,165245193.94526488,36684105.43037223,36679783.783592604,92569.67096631815,19634.703414478296,18838.838530270517,92569.67096631815,19634.703414478296,18838.838530270517
,25/10/2023,1698192000,237631309.46533337,237631309.46533337,164429508.82849076,36730434.6041872,36471366.032655425,164429508.82849076,36730434.6041872,36471366.032655425,92499.80807399262,19634.59379065975,18833.165181717708,92499.80807399262,19634.59379065975,18833.165181717708
,26/10/2023,1698278400,228031538.5989035,228031538.5989035,154535855.04903102,36908428.16091832,36587255.38895416,154535855.04903102,36908428.16091832,36587255.38895416,86337.70325103693,19632.038213051164,18831.454021326157,86337.70325103693,19632.038213051164,18831.454021326157
,27/10/2023,1698364800,228851576.4516688,228851576.4516688,154863775.73899624,37142493.574489586,36845307.13818298,154863775.73899624,37142493.574489586,36845307.13818298,86053.59783676345,19631.339098567434,18831.100130931394,86053.59783676345,19631.339098567434,18831.100130931394
,28/10/2023,1698451200,224854540.3995121,224854540.3995121,151596284.24966535,36764590.296842165,36493665.85300461,151596284.24966535,36764590.296842165,36493665.85300461,85049.38946375233,19631.339098567434,18830.095122935225,85049.38946375233,19631.339098567434,18830.095122935225
,29/10/2023,1698537600,224003999.00599763,224003999.00599763,150963236.64136934,36673108.25664283,36367654.10798547,150963236.64136934,36673108.25664283,36367654.10798547,85059.29492977764,19631.339098567434,18802.232480268773,85059.29492977764,19631.339098567434,18802.232480268773
,30/10/2023,1698624000,226437573.71506172,226437573.71506172,152547368.97416392,37102106.87912229,36788097.86177552,152547368.97416392,37102106.87912229,36788097.86177552,85039.08853815198,19630.848247409926,18801.38084693664,85039.08853815198,19630.848247409926,18801.38084693664
,31/10/2023,1698710400,231172058.87526143,231172058.87526143,155548406.93695465,37825661.28967775,37797990.64862904,155548406.93695465,37825661.28967775,37797990.64862904,85006.56174143896,19627.05933400325,18796.273688606285,85006.56174143896,19627.05933400325,18796.273688606285
,01/11/2023,1698796800,229087306.7790699,229087306.7790699,154298810.4793555,37587781.33054962,37200714.969164744,154298810.4793555,37587781.33054962,37200714.969164744,85006.56174143896,19627.05933400325,18791.276857454104,85006.56174143896,19627.05933400325,18791.276857454104
,02/11/2023,1698883200,232854917.78921992,232854917.78921992,156884318.9301991,38105474.43442989,37865124.42459096,156884318.9301991,38105474.43442989,37865124.42459096,85011.41668980416,19624.598003023035,18786.776824140154,85011.41668980416,19624.598003023035,18786.776824140154
,03/11/2023,1698969600,226406105.8599698,226406105.8599698,152392228.23159087,36954028.15940902,37059849.4689699,152392228.23159087,36954028.15940902,37059849.4689699,85000.46196626071,19596.461969725053,18781.97889120492,85000.46196626071,19596.461969725053,18781.97889120492
,04/11/2023,1699056000,232634570.95031247,232634570.95031247,155003485.51305252,37746054.39312714,37766958.50679293,155003485.51305252,37746054.39312714,37766958.50679293,84899.45693670615,19594.394842697482,18777.573737516872,84899.45693670615,19594.394842697482,18777.573737516872
,05/11/2023,1699142400,238246921.54808217,238246921.54808217,156971909.10225254,38234150.76865874,38201928.69781444,156971909.10225254,38234150.76865874,38201928.69781444,84887.30632077598,19594.394842697482,18776.137175766464,84887.30632077598,19594.394842697482,18776.137175766464
,06/11/2023,1699228800,238809515.51244867,238809515.51244867,160610829.89386728,39114791.4772247,38998704.84219506,160610829.89386728,39114791.4772247,38998704.84219506,84883.6125920879,19593.15324328134,18770.674824413785,84883.6125920879,19593.15324328134,18770.674824413785
,07/11/2023,1699315200,235942635.09562492,235942635.09562492,160929737.98860952,39185266.94410185,39074823.27187727,160929737.98860952,39185266.94410185,39074823.27187727,84884.82165803885,19592.14366845921,18764.051263128782,84884.82165803885,19592.14366845921,18764.051263128782
,08/11/2023,1699401600,237020838.93344057,237020838.93344057,159558444.97247666,38852560.96532231,38609832.995641604,159558444.97247666,38852560.96532231,38609832.995641604,84845.7887621714,19591.633872545437,18746.73253654517,84845.7887621714,19591.633872545437,18746.73253654517
,09/11/2023,1699488000,239639096.2239223,239639096.2239223,159992292.1287648,38995834.84875248,38588497.38416306,159992292.1287648,38995834.84875248,38588497.38416306,84796.02506307793,19590.67929081826,18708.66740238682,84796.02506307793,19590.67929081826,18708.66740238682
,10/11/2023,1699574400,262581642.89607972,262581642.89607972,178496494.66877425,43414959.99774136,43008587.19768261,178496494.66877425,43414959.99774136,43008587.19768261,84571.04565446683,19585.666787452057,18707.275328152573,84571.04565446683,19585.666787452057,18707.275328152573
,11/11/2023,1699660800,256283361.33913815,256283361.33913815,175362153.48780143,42983811.65144886,42419123.84049542,175362153.48780143,42983811.65144886,42419123.84049542,84481.34577275753,19585.189684035184,18699.524717427426,84481.34577275753,19585.189684035184,18699.524717427426
,12/11/2023,1699747200,255557382.2044452,255557382.2044452,171593502.31674838,42311707.90255912,41816251.163605556,171593502.31674838,42311707.90255912,41816251.163605556,83571.24880275677,19584.401569354548,18699.524717427426,83571.24880275677,19584.401569354548,18699.524717427426
,13/11/2023,1699833600,254893609.49088323,254893609.49088323,170994679.40761846,42233265.592081435,41719638.043454304,170994679.40761846,42233265.592081435,41719638.043454304,83539.58942561984,19575.729266804225,18689.584472751278,83539.58942561984,19575.729266804225,18689.584472751278
,14/11/2023,1699920000,253365939.01692137,253365939.01692137,170461585.09603706,42136286.81584622,41613107.411959626,170461585.09603706,42136286.81584622,41613107.411959626,83477.7595964922,19572.691884488748,18689.584472751278,83477.7595964922,19572.691884488748,18689.584472751278
,15/11/2023,1700006400,248892217.45469025,248892217.45469025,165713866.88188136,40918440.811706685,40452578.886461996,165713866.88188136,40918440.811706685,40452578.886461996,83453.20660211277,19571.08458728246,18676.33998765547,83453.20660211277,19571.08458728246,18676.33998765547
,16/11/2023,1700092800,253992443.25716814,253992443.25716814,171385190.69643208,42373550.95077113,41787976.41108438,171385190.69643208,42373550.95077113,41787976.41108438,83456.78799775615,19571.08458728246,18674.354437143335,83456.78799775615,19571.08458728246,18674.354437143335
,17/11/2023,1700179200,244569644.82073006,244569644.82073006,163488806.03461722,40409581.80828765,39848361.69627826,163488806.03461722,40409581.80828765,39848361.69627826,83463.33030493882,19570.984568880627,18661.803172533128,83463.33030493882,19570.984568880627,18661.803172533128
,18/11/2023,1700265600,241095151.3329295,241095151.3329295,163235405.32069263,40266380.0201864,39569421.55880062,163235405.32069263,40266380.0201864,39569421.55880062,83302.49563455519,19570.917548912934,18573.705200338256,83302.49563455519,19570.917548912934,18573.705200338256
,19/11/2023,1700352000,242278680.77347615,242278680.77347615,163019037.06226352,40464198.88779566,39687509.44697661,163019037.06226352,40464198.88779566,39687509.44697661,83255.8091275828,19568.43593902577,18569.86217807253,83255.8091275828,19568.43593902577,18569.86217807253
,20/11/2023,1700438400,252985637.7620018,252985637.7620018,166342020.1914721,41352992.47393733,40576636.426712066,166342020.1914721,41352992.47393733,40576636.426712066,83253.84767417186,19568.15588750063,18555.257191655415,83253.84767417186,19568.15588750063,18555.257191655415
,21/11/2023,1700524800,249293076.27698004,249293076.27698004,168290192.2987094,41700424.920460396,40906371.130484596,168290192.2987094,41700424.920460396,40906371.130484596,83250.98061752251,19535.200442446883,18502.88859308787,83250.98061752251,19535.200442446883,18502.88859308787
,22/11/2023,1700611200,250070836.8416927,250070836.8416927,160482187.8583449,39954153.22372431,38929297.667722456,160482187.8583449,39954153.22372431,38929297.667722456,83006.8832800642,19535.09508555155,18386.466441718832,83006.8832800642,19535.09508555155,18386.466441718832
,23/11/2023,1700697600,253990550.97371322,253990550.97371322,171136859.44535357,42501420.047012225,41446504.49266813,171136859.44535357,42501420.047012225,41446504.49266813,82985.1034522095,19526.697868680327,18381.3733718886,82985.1034522095,19526.697868680327,18381.3733718886
,24/11/2023,1700784000,260468157.78744203,260468157.78744203,171159617.47913364,42087109.53898988,41361533.90773763,171159617.47913364,42087109.53898988,41361533.90773763,82984.06712005161,19333.150908610194,18356.06331530235,82984.06712005161,19333.150908610194,18356.06331530235
,25/11/2023,1700870400,254759944.68503827,254759944.68503827,172073874.02607447,42459571.90416653,41743856.99818366,172073874.02607447,42459571.90416653,41743856.99818366,82682.90497281498,19322.289529710266,18354.27288716008,82682.90497281498,19322.289529710266,18354.27288716008
,26/11/2023,1700956800,256445346.74892843,256445346.74892843,172150805.93988577,42171892.41859611,41711299.739837445,172150805.93988577,42171892.41859611,41711299.739837445,82663.86525103277,19196.79009595511,18353.272879203694,82663.86525103277,19196.79009595511,18353.272879203694
,27/11/2023,1701043200,248291977.93430626,248291977.93430626,170681411.34959188,41864127.745589964,41414462.62983459,170681411.34959188,41864127.745589964,41414462.62983459,82590.04425101585,19193.339268464762,18353.16287832849,82590.04425101585,19193.339268464762,18353.16287832849
,28/11/2023,1701129600,247647555.7208675,247647555.7208675,167769282.2433674,41058391.36309981,40763108.87928271,167769282.2433674,41058391.36309981,40763108.87928271,82594.10818135011,19193.339268464762,18353.16287832849,82594.10818135011,19193.339268464762,18353.16287832849
,29/11/2023,1701216000,252018018.52785528,252018018.52785528,168940871.54828775,41388014.18528412,40807571.415382415,168940871.54828775,41388014.18528412,40807571.415382415,82537.8128854315,19192.83917645559,18255.725738652643,82537.8128854315,19192.83917645559,18255.725738652643
,30/11/2023,1701302400,249323264.30563933,249323264.30563933,167284254.59023196,41051870.81869319,40446030.659120925,167284254.59023196,41051870.81869319,40446030.659120925,82527.99930450515,19173.709543772067,18222.872809941306,82527.99930450515,19173.709543772067,18222.872809941306
,01/12/2023,1701388800,255543951.53917435,255543951.53917435,168335831.3941322,41434700.944359906,40820247.902612135,168335831.3941322,41434700.944359906,40820247.902612135,82281.20760664572,19172.967907250895,18217.30673911839,82281.20760664572,19172.967907250895,18217.30673911839
,02/12/2023,1701475200,255324515.45834905,255324515.45834905,170575077.98962453,42053407.65127622,41249127.31484495,170575077.98962453,42053407.65127622,41249127.31484495,81812.15850166167,19156.109712238063,18063.201661781815,81812.15850166167,19156.109712238063,18063.201661781815
,03/12/2023,1701561600,261051208.30001733,261051208.30001733,176014050.12269166,43650415.55887762,42408946.17026833,176014050.12269166,43650415.55887762,42408946.17026833,81502.70193353969,19151.470923771125,17946.091061544783,81502.70193353969,19151.470923771125,17946.091061544783
,04/12/2023,1701648000,269426675.93499017,269426675.93499017,177659457.48025894,44230430.922537215,42920734.58344523,177659457.48025894,44230430.922537215,42920734.58344523,80990.27506519402,19146.129438580705,17899.22665297915,80990.27506519402,19146.129438580705,17899.22665297915
,05/12/2023,1701734400,265444614.60298556,265444614.60298556,180866698.9596082,45055447.723763324,43814132.28973003,180866698.9596082,45055447.723763324,43814132.28973003,80897.9125299043,19144.58799444357,17854.1696372168,80897.9125299043,19144.58799444357,17854.1696372168
,06/12/2023,1701820800,274896326.69545066,274896326.69545066,185714564.90557367,46419485.71742323,44755150.84976017,185714564.90557367,46419485.71742323,44755150.84976017,80759.50813427278,19144.10853016127,17789.20561945425,80759.50813427278,19144.10853016127,17789.20561945425
,07/12/2023,1701907200,266550125.1690963,266550125.1690963,177807619.72049132,44911750.150744215,42767334.62158619,177807619.72049132,44911750.150744215,42767334.62158619,79606.20334103005,19134.099697404243,17516.97110833846,79606.20334103005,19134.099697404243,17516.97110833846